اسم الدولة,اسم الدولة الرسمي,مفتاح الهاتف,الرمز,العاصمة,القارة,المساحة,الخريطة,عدد السكان,العلم,الشعار
المملكة العربية السعودية,المملكة العربية السعودية,966,SAU,الرياض,آسيا,2149690,https://goo.gl/maps/5PSjvdJ1AyaLFRrG9,34813867,https://flagcdn.com/sa.svg,https://mainfacts.com/media/images/coats_of_arms/sa.svg
أفغانستان,جمهورية أفغانستان الاسلامية,93,AFG,كابول,آسيا,652230,https://goo.gl/maps/BXBGw7yUUFknCfva9,40218234,https://upload.wikimedia.org/wikipedia/commons/5/5c/Flag_of_the_Taliban.svg,https://mainfacts.com/media/images/coats_of_arms/af.svg
ألبانيا,جمهورية ألبانيا,355,ALB,تيرانا,أوروبا,28748,https://goo.gl/maps/BzN9cTuj68ZA8SyZ8,2837743,https://flagcdn.com/al.svg,https://mainfacts.com/media/images/coats_of_arms/al.svg
الجزائر,جمهورية الجزائر الديمقراطية الشعبية,213,DZA,الجزائر العاصمة,أفريقيا,2381741,https://goo.gl/maps/RsAyAfyaiNVb8DpW8,510713,https://flagcdn.com/dz.svg,https://mainfacts.com/media/images/coats_of_arms/dz.svg
ساموا الأمريكية,ساموا الأمريكية,1-684,ASM,وباجو باغو,أوقيانوسيا,199,https://goo.gl/maps/Re9ePMjwP1sFCBFA6,55197,https://flagcdn.com/as.svg,
أندورا,إمارة أندورا,376,AND,أندورا لا فيلا,أوروبا,468,https://goo.gl/maps/JqAnacWE2qEznKgw7,77265,https://flagcdn.com/ad.svg,https://mainfacts.com/media/images/coats_of_arms/ad.svg
أنغولا,جمهورية أنغولا,244,AGO,لواندا,أفريقيا,1246700,https://goo.gl/maps/q42Qbf1BmQL3fuZg9,32866268,https://flagcdn.com/ao.svg,https://mainfacts.com/media/images/coats_of_arms/ao.svg
أنغيلا,أنغيلا,1-264,AIA,الوادي,الأمريكتين,91,https://goo.gl/maps/3KgLnEyN7amdno2p9,13452,https://flagcdn.com/ai.svg,https://mainfacts.com/media/images/coats_of_arms/ai.svg
أنتاركتيكا,أنتاركتيكا,672,ATA,لا يوجد,القطب الجنوبي,14000000,https://goo.gl/maps/kyBuJriu4itiXank7,1000,https://flagcdn.com/aq.svg,https://mainfacts.com/media/images/coats_of_arms/aq.svg
أنتيغوا وبربودا,أنتيغوا وبربودا,1-268,ATG,سانت جون,الأمريكتين,442,https://goo.gl/maps/fnye4wGJ1RzC9jpX9,97928,https://flagcdn.com/ag.svg,https://mainfacts.com/media/images/coats_of_arms/ag.svg
الأرجنتين,جمهورية الأرجنتين,54,ARG,بوينس آيرس,الأمريكتين,2780400,https://goo.gl/maps/Z9DXNxhf2o93kvyc6,45376763,https://flagcdn.com/ar.svg,https://mainfacts.com/media/images/coats_of_arms/ar.svg
أرمينيا,جمهورية أرمينيا,374,ARM,يريفان,آسيا,29743,https://goo.gl/maps/azWUtK9bUQYEyccbA,2963234,https://flagcdn.com/am.svg,https://mainfacts.com/media/images/coats_of_arms/am.svg
أروبا,أروبا,297,ABW,اورانجستاد,الأمريكتين,180,https://goo.gl/maps/8hopbQqifHAgyZyg8,106766,https://flagcdn.com/aw.svg,https://mainfacts.com/media/images/coats_of_arms/aw.svg
أستراليا,كومنولث أستراليا,61,AUS,كانبيرا,أوقيانوسيا,7692024,https://goo.gl/maps/DcjaDa7UbhnZTndH6,25687041,https://flagcdn.com/au.svg,https://mainfacts.com/media/images/coats_of_arms/au.svg
النمسا,جمهورية النمسا,43,AUT,فيينا,أوروبا,83871,https://goo.gl/maps/pCWpWQhznHyRzQcu9,8917205,https://flagcdn.com/at.svg,https://mainfacts.com/media/images/coats_of_arms/at.svg
أذربيجان,جمهورية أذربيجان,994,AZE,باكو,آسيا,86600,https://goo.gl/maps/az3Zz7ar2aoB9AUc6,10110116,https://flagcdn.com/az.svg,https://mainfacts.com/media/images/coats_of_arms/az.svg
جزر البهاما,كومنولث جزر البهاما,1-242,BHS,ناساو,الأمريكتين,13943,https://goo.gl/maps/1YzRs1BZrG8p8pmVA,393248,https://flagcdn.com/bs.svg,https://mainfacts.com/media/images/coats_of_arms/bs.svg
البحرين,مملكة البحرين,973,BHR,المنامة,آسيا,765,https://goo.gl/maps/5Zue99Zc6vFBHxzJ7,1701583,https://flagcdn.com/bh.svg,https://mainfacts.com/media/images/coats_of_arms/bh.svg
بنغلاديش,جمهورية بنغلاديش الشعبية,880,BGD,دكا,آسيا,147570,https://goo.gl/maps/op6gmLbHcvv6rLhH6,164689383,https://flagcdn.com/bd.svg,https://mainfacts.com/media/images/coats_of_arms/bd.svg
بربادوس,بربادوس,1-246,BRB,بريدجتاون,الأمريكتين,430,https://goo.gl/maps/2m36v8STvbGAWd9c7,287371,https://flagcdn.com/bb.svg,https://mainfacts.com/media/images/coats_of_arms/bb.svg
بيلاروسيا,جمهورية بيلاروسيا,375,BLR,مينسك,أوروبا,207600,https://goo.gl/maps/PJUDU3EBPSszCQcu6,9398861,https://flagcdn.com/by.svg,https://mainfacts.com/media/images/coats_of_arms/by.svg
بلجيكا,مملكة بلجيكا,32,BEL,بروكسل,أوروبا,30528,https://goo.gl/maps/UQQzat85TCtPRXAL8,11555997,https://flagcdn.com/be.svg,https://mainfacts.com/media/images/coats_of_arms/be.svg
بليز,بليز,501,BLZ,بلموبان,الأمريكتين,22966,https://goo.gl/maps/jdCccpdLodm1uTmo9,397621,https://flagcdn.com/bz.svg,https://mainfacts.com/media/images/coats_of_arms/bz.svg
بنين,جمهورية بنين,229,BEN,بورتو نوفو,أفريقيا,112622,https://goo.gl/maps/uMw1BsHEXQYgVFFu6,12123198,https://flagcdn.com/bj.svg,https://mainfacts.com/media/images/coats_of_arms/bj.svg
برمودا,برمودا,1-441,BMU,هاميلتون,الأمريكتين,54,https://goo.gl/maps/NLsRGNjTzDghTtAJA,63903,https://flagcdn.com/bm.svg,https://mainfacts.com/media/images/coats_of_arms/bm.svg
بوتان,مملكة بوتان,975,BTN,تيمفو,آسيا,38394,https://goo.gl/maps/VEfXXBftTFLUpNgp8,771612,https://flagcdn.com/bt.svg,https://mainfacts.com/media/images/coats_of_arms/bt.svg
بوليفيا,دولة بوليفيا المتعددة,591,BOL,سوكري,الأمريكتين,1098581,https://goo.gl/maps/9DfnyfbxNM2g5U9b9,11673029,https://flagcdn.com/bo.svg,https://mainfacts.com/media/images/coats_of_arms/bo.svg
البوسنة والهرسك,البوسنة والهرسك,387,BIH,سراييفو,أوروبا,51209,https://www.google.com/maps/place/Bosnia+and+Herzegovina,3280815,https://flagcdn.com/ba.svg,https://mainfacts.com/media/images/coats_of_arms/ba.svg
بوتسوانا,جمهورية بوتسوانا,267,BWA,غابورون,أفريقيا,582000,https://goo.gl/maps/E364KeLy6N4JwxwQ8,2351625,https://flagcdn.com/bw.svg,https://mainfacts.com/media/images/coats_of_arms/bw.svg
البرازيل,جمهورية البرازيل الاتحادية,55,BRA,برازيليا,الأمريكتين,8515767,https://goo.gl/maps/waCKk21HeeqFzkNC9,212559409,https://flagcdn.com/br.svg,https://mainfacts.com/media/images/coats_of_arms/br.svg
إقليم المحيط البريطاني الهندي,إقليم المحيط البريطاني الهندي,246,IOT,دييغو غارسيا,أفريقيا,60,https://goo.gl/maps/bheNucgekVEYozoi6,3000,https://flagcdn.com/io.svg,
بروناي,أمة بروناي، دار السلام,673,BRN,بندر سيري بيغاوان,آسيا,5765,https://goo.gl/maps/4jb4CqBXhr8vNh579,437483,https://flagcdn.com/bn.svg,https://mainfacts.com/media/images/coats_of_arms/bn.svg
بلغاريا,جمهورية بلغاريا,359,BGR,صوفيا,أوروبا,110879,https://goo.gl/maps/F5uAhDGWzc3BrHfm9,6927288,https://flagcdn.com/bg.svg,https://mainfacts.com/media/images/coats_of_arms/bg.svg
بوركينا فاسو,بوركينا فاسو,226,BFA,واغادوغو,أفريقيا,272967,https://goo.gl/maps/rKRmpcMbFher2ozb7,20903278,https://flagcdn.com/bf.svg,https://mainfacts.com/media/images/coats_of_arms/bf.svg
بوروندي,جمهورية بوروندي,257,BDI,جيتيجا,أفريقيا,27834,https://goo.gl/maps/RXPWoRrB9tfrJpUG7,11890781,https://flagcdn.com/bi.svg,https://mainfacts.com/media/images/coats_of_arms/bi.svg
كمبوديا,مملكة كمبوديا,855,KHM,بنوم بنه,آسيا,181035,https://goo.gl/maps/nztQtFSrUXZymJaW8,16718971,https://flagcdn.com/kh.svg,https://mainfacts.com/media/images/coats_of_arms/kh.svg
الكاميرون,جمهورية الكاميرون,237,CMR,ياوندي,أفريقيا,475442,https://goo.gl/maps/JqiipHgFboG3rBJh9,26545864,https://flagcdn.com/cm.svg,https://mainfacts.com/media/images/coats_of_arms/cm.svg
كندا,كندا,1,CAN,أوتاوا,الأمريكتين,9984670,https://goo.gl/maps/jmEVLugreeqiZXxbA,38005238,https://flagcdn.com/ca.svg,https://mainfacts.com/media/images/coats_of_arms/ca.svg
الرأس الأخضر,جمهورية كابو فيردي,238,CPV,برايا,أفريقيا,4033,https://goo.gl/maps/Kc9vy5ChjuiAgMfXA,555988,https://flagcdn.com/cv.svg,https://mainfacts.com/media/images/coats_of_arms/cv.svg
جمهورية افريقيا الوسطى,جمهورية افريقيا الوسطى,236,CAF,بانغي,أفريقيا,622984,https://goo.gl/maps/51V8dsi2rGYC9n3c9,4829764,https://flagcdn.com/cf.svg,https://mainfacts.com/media/images/coats_of_arms/cf.svg
تشاد,جمهورية تشاد,235,TCD,إنجامينا,أفريقيا,1284000,https://goo.gl/maps/ziUdAZ8skuNfx5Hx7,16425859,https://flagcdn.com/td.svg,https://mainfacts.com/media/images/coats_of_arms/td.svg
شيلي,جمهورية شيلي,56,CHL,سانتياغو,الأمريكتين,756102,https://goo.gl/maps/XboxyNHh2fAjCPNn9,19116209,https://flagcdn.com/cl.svg,https://mainfacts.com/media/images/coats_of_arms/cl.svg
الصين,جمهورية الصين الشعبية,86,CHN,بيجين,آسيا,9706961,https://goo.gl/maps/p9qC6vgiFRRXzvGi7,1402112000,https://flagcdn.com/cn.svg,https://mainfacts.com/media/images/coats_of_arms/cn.svg
جزر كوكوس (كيلينغ),إقليم جزر كوكوس (كيلينغ),61,CCK,جزيرة ويست,أوقيانوسيا,14,https://goo.gl/maps/3eCdKVpVfMcZyKcK6,544,https://flagcdn.com/cc.svg,
كولومبيا,جمهورية كولومبيا,57,COL,بوجوتا,الأمريكتين,1141748,https://goo.gl/maps/RdwTG8e7gPwS62oR6,50882884,https://flagcdn.com/co.svg,https://mainfacts.com/media/images/coats_of_arms/co.svg
جزر القمر,اتحاد جزر القمر,269,COM,موروني,أفريقيا,1862,https://goo.gl/maps/eas4GP28C1GyStnu6,869595,https://flagcdn.com/km.svg,https://mainfacts.com/media/images/coats_of_arms/km.svg
كوستا ريكا,جمهورية كوستاريكا,506,CRI,سان خوسيه,الأمريكتين,51100,https://goo.gl/maps/RFiwytjvNrpfKN7k6,5094114,https://flagcdn.com/cr.svg,https://mainfacts.com/media/images/coats_of_arms/cr.svg
كرواتيا,جمهورية كرواتيا,385,HRV,زغرب.,أوروبا,56594,https://goo.gl/maps/qSG6xTKUmrYpwmGQ6,4047200,https://flagcdn.com/hr.svg,https://mainfacts.com/media/images/coats_of_arms/hr.svg
كوبا,جمهورية كوبا,53,CUB,هافانا,الأمريكتين,109884,https://goo.gl/maps/1dDw1QfZspfMUTm99,11326616,https://flagcdn.com/cu.svg,https://mainfacts.com/media/images/coats_of_arms/cu.svg
كوراكاو,بلد كورراو,599,CUW,ويلمستاد,الأمريكتين,444,https://goo.gl/maps/9D3hTeA3qKaRT7S16,155014,https://flagcdn.com/cw.svg,https://mainfacts.com/media/images/coats_of_arms/cw.svg
قبرص,جمهورية قبرص,357,CYP,نيقوسيا,أوروبا,9251,https://goo.gl/maps/77hPBRdLid8yD5Bm7,1207361,https://flagcdn.com/cy.svg,https://mainfacts.com/media/images/coats_of_arms/cy.svg
الجمهورية التشيكية,الجمهورية التشيكية,420,CZE,براغ,أوروبا,78865,https://goo.gl/maps/47dmgeXMZyhDHyQW8,10698896,https://flagcdn.com/cz.svg,https://mainfacts.com/media/images/coats_of_arms/cz.svg
الدنمارك,مملكة الدنمارك,45,DNK,كوبنهاغن,أوروبا,43094,https://goo.gl/maps/UddGPN7hAyrtpFiT6,5831404,https://flagcdn.com/dk.svg,https://mainfacts.com/media/images/coats_of_arms/dk.svg
جيبوتي,جمهورية جيبوتي,253,DJI,جيبوتي,أفريقيا,23200,https://goo.gl/maps/V1HWfzN3bS1kwf4C6,988002,https://flagcdn.com/dj.svg,https://mainfacts.com/media/images/coats_of_arms/dj.svg
دومينيكا,كومنولث دومينيكا,1-767,DMA,روزو,الأمريكتين,751,https://goo.gl/maps/HSKdHYpFC8oHHuyV7,71991,https://flagcdn.com/dm.svg,https://mainfacts.com/media/images/coats_of_arms/dm.svg
جمهورية الدومنيكان,جمهورية الدومنيكان,"1-809, 1-829, 1-849",DOM,سانتو دومينغو,الأمريكتين,48671,https://goo.gl/maps/soxooTHxEeiAbn3UA,10847904,https://flagcdn.com/do.svg,https://mainfacts.com/media/images/coats_of_arms/do.svg
جمهورية الكونغو الديموقراطية,جمهورية الكونغو الديموقراطية,243,COD,كينشاسا,أفريقيا,2344858,https://goo.gl/maps/KfhNVn6VqdZXWu8n9,89561404,https://flagcdn.com/cd.svg,https://mainfacts.com/media/images/coats_of_arms/cd.svg
الإكوادور,جمهورية الاكوادور,593,ECU,كيتو,الأمريكتين,276841,https://goo.gl/maps/TbX8hUW4gcbRPZiK7,17643060,https://flagcdn.com/ec.svg,https://mainfacts.com/media/images/coats_of_arms/ec.svg
مصر,جمهورية مصر العربية,20,EGY,القاهرة,أفريقيا,1002450,https://goo.gl/maps/uoDRhXbsqjG6L7VG7,102334403,https://flagcdn.com/eg.svg,https://mainfacts.com/media/images/coats_of_arms/eg.svg
السلفادور,جمهورية السلفادور,503,SLV,سان سلفادور,الأمريكتين,21041,https://goo.gl/maps/cZnCEi5sEMQtKKcB7,6486201,https://flagcdn.com/sv.svg,https://mainfacts.com/media/images/coats_of_arms/sv.svg
غينيا الإستوائية,جمهورية غينيا الاستوائية,240,GNQ,مالابو,أفريقيا,28051,https://goo.gl/maps/ucWfFd8aW1FbGMva9,1402985,https://flagcdn.com/gq.svg,https://mainfacts.com/media/images/coats_of_arms/gq.svg
إريتريا,دولة إريتريا,291,ERI,أسمرة,أفريقيا,117600,https://goo.gl/maps/HRyqUpnPwwG6jY5j6,5352000,https://flagcdn.com/er.svg,https://mainfacts.com/media/images/coats_of_arms/er.svg
إستونيا,جمهورية إستونيا,372,EST,تالين,أوروبا,45227,https://goo.gl/maps/6SsynwGUodL1sDvq8,1331057,https://flagcdn.com/ee.svg,https://mainfacts.com/media/images/coats_of_arms/ee.svg
إسواتيني,مملكة إسواتيني,268,SWZ,مباباني,أفريقيا,17364,https://goo.gl/maps/cUY79eqQihFSE8hV6,1160164,https://flagcdn.com/sz.svg,
أثيوبيا,جمهورية إثيوبيا الديمقراطية الاتحادية,251,ETH,اديس ابابا,أفريقيا,1104300,https://goo.gl/maps/2Q4hQWCbhuZLj3fG6,114963583,https://flagcdn.com/et.svg,https://mainfacts.com/media/images/coats_of_arms/et.svg
جزر فوكلاند,جزر فوكلاند,500,FLK,ستانلي,الأمريكتين,12173,https://goo.gl/maps/TZH1x7AGanQKifNk7,2563,https://flagcdn.com/fk.svg,https://mainfacts.com/media/images/coats_of_arms/fk.svg
فيجي,جمهورية فيجي,679,FJI,سوفا,أوقيانوسيا,18272,https://goo.gl/maps/r9fhDqoLZdg1zmE99,896444,https://flagcdn.com/fj.svg,https://mainfacts.com/media/images/coats_of_arms/fj.svg
فنلندا,جمهورية فنلندا,358,FIN,هلسنكي,أوروبا,338424,https://goo.gl/maps/HjgWDCNKRAYHrkMn8,5530719,https://flagcdn.com/fi.svg,https://mainfacts.com/media/images/coats_of_arms/fi.svg
فرنسا,الجمهورية الفرنسية,33,FRA,باريس,أوروبا,551695,https://goo.gl/maps/g7QxxSFsWyTPKuzd7,67391582,https://flagcdn.com/fr.svg,https://mainfacts.com/media/images/coats_of_arms/fr.svg
غيانا الفرنسية,غيانا,594,GUF,حريف,الأمريكتين,83534,https://goo.gl/maps/NJawFwMzG7YtCrVP7,254541,https://flagcdn.com/gf.svg,https://mainfacts.com/media/images/coats_of_arms/gf.svg
غابون,جمهورية غابونيز,241,GAB,ليبرفيل,أفريقيا,267668,https://www.openstreetmap.org/relation/192793,2225728,https://flagcdn.com/ga.svg,https://mainfacts.com/media/images/coats_of_arms/ga.svg
غامبيا,جمهورية غامبيا,220,GMB,بانجول,أفريقيا,10689,https://goo.gl/maps/bbGBCxxtfD2A9Z4m6,2416664,https://flagcdn.com/gm.svg,https://mainfacts.com/media/images/coats_of_arms/gm.svg
جورجيا,جورجيا,995,GEO,تبلّيسي,آسيا,69700,https://goo.gl/maps/bvCaGBePR1ZEDK5cA,3714000,https://flagcdn.com/ge.svg,https://mainfacts.com/media/images/coats_of_arms/ge.svg
ألمانيا,جمهورية ألمانيا الاتحادية,49,DEU,برلين,أوروبا,357114,https://goo.gl/maps/mD9FBMq1nvXUBrkv6,83240525,https://flagcdn.com/de.svg,https://mainfacts.com/media/images/coats_of_arms/de.svg
غانا,جمهورية غانا,233,GHA,أكرا,أفريقيا,238533,https://goo.gl/maps/Avy5RSmdsXFBaiXq8,31072945,https://flagcdn.com/gh.svg,https://mainfacts.com/media/images/coats_of_arms/gh.svg
جبل طارق,جبل طارق,350,GIB,جبل طارق,أوروبا,6,https://goo.gl/maps/CEoHAs1t6byCBhHFA,33691,https://flagcdn.com/gi.svg,https://mainfacts.com/media/images/coats_of_arms/gi.svg
اليونان,جمهورية اليونان,30,GRC,أثينا,أوروبا,131990,https://goo.gl/maps/LHGcAvuRyD2iKECC6,10715549,https://flagcdn.com/gr.svg,https://mainfacts.com/media/images/coats_of_arms/gr.svg
الأرض الخضراء,الأرض الخضراء,299,GRL,نوك,الأمريكتين,2166086,https://goo.gl/maps/j3289UPEQXt1ceSy8,56367,https://flagcdn.com/gl.svg,https://mainfacts.com/media/images/coats_of_arms/gl.svg
غرينادا,غرينادا,1-473,GRD,سانت جورج,الأمريكتين,344,https://goo.gl/maps/rqWyfUAt4xhvk1Zy9,112519,https://flagcdn.com/gd.svg,https://mainfacts.com/media/images/coats_of_arms/gd.svg
غواديلوب,غواديلوب,590,GLP,باسي- تيري,الأمريكتين,1628,https://goo.gl/maps/Dy9R2EufJtoWm8UN9,400132,https://flagcdn.com/gp.svg,https://mainfacts.com/media/images/coats_of_arms/gp.svg
غوام,غوام,1-671,GUM,هاغاتنا,أوقيانوسيا,549,https://goo.gl/maps/Xfnq2i279b18cH3C9,168783,https://flagcdn.com/gu.svg,https://mainfacts.com/media/images/coats_of_arms/gu.svg
غواتيمالا,جمهورية غواتيمالا,502,GTM,مدينة غواتيمالا,الأمريكتين,108889,https://goo.gl/maps/JoRAbem4Hxb9FYbVA,16858333,https://flagcdn.com/gt.svg,https://mainfacts.com/media/images/coats_of_arms/gt.svg
غيرنسي,Bailiwick من غيرنسي,44-1481,GGY,سانت بيتر ميناء,أوروبا,78,https://goo.gl/maps/6kXnQU5QvEZMD9VB7,62999,https://flagcdn.com/gg.svg,https://mainfacts.com/media/images/coats_of_arms/gg.svg
غينيا,جمهورية غينيا,224,GIN,كوناكري,أفريقيا,245857,https://goo.gl/maps/8J5oM5sA4Ayr1ZYGA,13132792,https://flagcdn.com/gn.svg,https://mainfacts.com/media/images/coats_of_arms/gn.svg
غينيا بيساو,جمهورية غينيا - بيساو,245,GNB,بيساو,أفريقيا,36125,https://goo.gl/maps/5Wyaz17miUc1zLc67,1967998,https://flagcdn.com/gw.svg,https://mainfacts.com/media/images/coats_of_arms/gw.svg
غيانا,جمهورية غيانا التعاونية,592,GUY,جورج تاون,الأمريكتين,214969,https://goo.gl/maps/DFsme2xEeugUAsCx5,786559,https://flagcdn.com/gy.svg,https://mainfacts.com/media/images/coats_of_arms/gy.svg
هايتي,جمهورية هايتي,509,HTI,بورت أو برنس,الأمريكتين,27750,https://goo.gl/maps/9o13xtjuUdqFnHbn9,11402533,https://flagcdn.com/ht.svg,https://mainfacts.com/media/images/coats_of_arms/ht.svg
هندوراس,جمهورية هندوراس,504,HND,تيجوسيجالبا,الأمريكتين,112492,https://goo.gl/maps/BbeJK8Sk2VkMHbdF8,9904608,https://flagcdn.com/hn.svg,https://mainfacts.com/media/images/coats_of_arms/hn.svg
هونج كونج,هونج كونج المنطقة الإدارية الخاصة لجمهورية الصين الشعبية,852,HKG,مدينة فيكتوريا,آسيا,1104,https://goo.gl/maps/1sEnNmT47ffrC8MU8,7500700,https://flagcdn.com/hk.svg,https://mainfacts.com/media/images/coats_of_arms/hk.svg
هنغاريا,هنغاريا,36,HUN,بودابست,أوروبا,93028,https://goo.gl/maps/9gfPupm5bffixiFJ6,9749763,https://flagcdn.com/hu.svg,https://mainfacts.com/media/images/coats_of_arms/hu.svg
أيسلندا,أيسلندا,354,ISL,ريكيافيك,أوروبا,103000,https://goo.gl/maps/WxFWSQuc3oamNxoE6,366425,https://flagcdn.com/is.svg,https://mainfacts.com/media/images/coats_of_arms/is.svg
الهند,جمهورية الهند,91,IND,نيو دلهي,آسيا,3287590,https://goo.gl/maps/WSk3fLwG4vtPQetp7,1380004385,https://flagcdn.com/in.svg,https://mainfacts.com/media/images/coats_of_arms/in.svg
إندونيسيا,جمهورية إندونيسيا,62,IDN,جاكرتا,آسيا,1904569,https://goo.gl/maps/a9mNpp6BjLkXaeNG6,273523621,https://flagcdn.com/id.svg,https://mainfacts.com/media/images/coats_of_arms/id.svg
إيران,جمهورية ايران الاسلامية,98,IRN,طهران,آسيا,1648195,https://goo.gl/maps/dMgEGuacBPGYQnjY7,83992953,https://flagcdn.com/ir.svg,https://mainfacts.com/media/images/coats_of_arms/ir.svg
العراق,جمهورية العراق,964,IRQ,بغداد,آسيا,438317,https://goo.gl/maps/iL8Bmy1sUCW9fUk18,40222503,https://flagcdn.com/iq.svg,https://mainfacts.com/media/images/coats_of_arms/iq.svg
أيرلندا,جمهورية ايرلندا,353,IRL,دبلن,أوروبا,70273,https://goo.gl/maps/hxd1BKxgpchStzQC6,4994724,https://flagcdn.com/ie.svg,https://mainfacts.com/media/images/coats_of_arms/ie.svg
جزيرة آيل أوف مان,جزيرة آيل أوف مان,44-1624,IMN,دوغلاس,أوروبا,572,https://goo.gl/maps/4DqVHDgVaFgnh8ZV8,85032,https://flagcdn.com/im.svg,https://mainfacts.com/media/images/coats_of_arms/im.svg
إسرائيل,دولة إسرائيل,972,ISR,بيت المقدس,آسيا,20770,https://goo.gl/maps/6UY1AH8XeafVwdC97,9216900,https://flagcdn.com/il.svg,https://mainfacts.com/media/images/coats_of_arms/il.svg
إيطاليا,الجمهورية الايطالية,39,ITA,روما,أوروبا,301336,https://goo.gl/maps/8M1K27TDj7StTRTq8,59554023,https://flagcdn.com/it.svg,https://mainfacts.com/media/images/coats_of_arms/it.svg
ساحل العاج,جمهورية كوت ديفوار,225,CIV,ياموسوكرو,أفريقيا,322463,https://goo.gl/maps/wKsmN7f5qAeNtGjP6,26378275,https://flagcdn.com/ci.svg,https://mainfacts.com/media/images/coats_of_arms/ci.svg
جامايكا,جامايكا,1-876,JAM,كينغستون,الأمريكتين,10991,https://goo.gl/maps/Z8mQ6jxnRQKFwJy9A,2961161,https://flagcdn.com/jm.svg,https://mainfacts.com/media/images/coats_of_arms/jm.svg
اليابان,اليابان,81,JPN,طوكيو,آسيا,377930,https://goo.gl/maps/NGTLSCSrA8bMrvnX9,125836021,https://flagcdn.com/jp.svg,https://mainfacts.com/media/images/coats_of_arms/jp.svg
جيرسي,Bailiwick من جيرسي,44-1534,JEY,سانت هيلير,أوروبا,116,https://goo.gl/maps/rXG8GZZtsqK92kTCA,100800,https://flagcdn.com/je.svg,https://mainfacts.com/media/images/coats_of_arms/je.svg
الأردن,المملكة الاردنية الهاشمية,962,JOR,عمان,آسيا,89342,https://goo.gl/maps/ko1dzSDKg8Gsi9A98,10203140,https://flagcdn.com/jo.svg,https://mainfacts.com/media/images/coats_of_arms/jo.svg
كازاخستان,جمهورية كازاخستان,7,KAZ,نور السلطان,آسيا,2724900,https://goo.gl/maps/8VohJGu7ShuzZYyeA,18754440,https://flagcdn.com/kz.svg,https://mainfacts.com/media/images/coats_of_arms/kz.svg
كينيا,جمهورية كينيا,254,KEN,نيروبي,أفريقيا,580367,https://goo.gl/maps/Ni9M7wcCxf8bJHLX8,53771300,https://flagcdn.com/ke.svg,https://mainfacts.com/media/images/coats_of_arms/ke.svg
كيريباتي,جمهورية كيريباتي مستقلة وصالحة,686,KIR,جنوب طراوا,أوقيانوسيا,811,https://goo.gl/maps/NBfYvrndW4skAimw9,119446,https://flagcdn.com/ki.svg,https://mainfacts.com/media/images/coats_of_arms/ki.svg
كوسوفو,جمهورية كوسوفو,383,UNK,بريشتينا,أوروبا,10908,https://goo.gl/maps/CSC4Yc8SWPgburuD9,1775378,https://flagcdn.com/xk.svg,https://mainfacts.com/media/images/coats_of_arms/xk.svg
الكويت,دولة الكويت,965,KWT,مدينة الكويت,آسيا,17818,https://goo.gl/maps/aqr3aNQjS1BAvksJ7,4270563,https://flagcdn.com/kw.svg,https://mainfacts.com/media/images/coats_of_arms/kw.svg
قيرغيزستان,جمهورية قيرغيزستان,996,KGZ,بيشكيك,آسيا,199951,https://goo.gl/maps/SKG8BSMMQVvxkRkB7,6591600,https://flagcdn.com/kg.svg,https://mainfacts.com/media/images/coats_of_arms/kg.svg
لاوس,جمهورية لاو الديمقراطية الشعبية,856,LAO,فينتيان,آسيا,236800,https://goo.gl/maps/F3asVB7sRKgSnwbE7,7275556,https://flagcdn.com/la.svg,https://mainfacts.com/media/images/coats_of_arms/la.svg
لاتفيا,جمهورية لاتفيا,371,LVA,ريغا,أوروبا,64559,https://goo.gl/maps/iQpUkH7ghq31ZtXe9,1901548,https://flagcdn.com/lv.svg,https://mainfacts.com/media/images/coats_of_arms/lv.svg
لبنان,الجمهورية اللبنانية,961,LBN,بيروت,آسيا,10452,https://goo.gl/maps/Sz5VCU8UFBqMyTdc9,6825442,https://flagcdn.com/lb.svg,https://mainfacts.com/media/images/coats_of_arms/lb.svg
ليسوتو,مملكة ليسوتو,266,LSO,ماسيرو,أفريقيا,30355,https://goo.gl/maps/H8gJi5mL4Cmd1SF28,2142252,https://flagcdn.com/ls.svg,https://mainfacts.com/media/images/coats_of_arms/ls.svg
ليبيريا,جمهورية ليبريا,231,LBR,مونروفيا,أفريقيا,111369,https://goo.gl/maps/4VsHsc2oeGeRL3wg6,5057677,https://flagcdn.com/lr.svg,https://mainfacts.com/media/images/coats_of_arms/lr.svg
ليبيا,دولة ليبيا,218,LBY,طرابلس,أفريقيا,1759540,https://goo.gl/maps/eLgGnaQWcJEdYRMy5,6871287,https://flagcdn.com/ly.svg,https://mainfacts.com/media/images/coats_of_arms/ly.svg
ليختنشتاين,إمارة ليختنشتاين,423,LIE,فادوز,أوروبا,160,https://goo.gl/maps/KNuHeiJzAPodwM7y6,38137,https://flagcdn.com/li.svg,https://mainfacts.com/media/images/coats_of_arms/li.svg
ليتوانيا,جمهورية ليتوانيا,370,LTU,فيلنيوس,أوروبا,65300,https://goo.gl/maps/dd1s9rrLjrK2G8yY6,2794700,https://flagcdn.com/lt.svg,https://mainfacts.com/media/images/coats_of_arms/lt.svg
لوكسمبورغ,الدوق الكبير لوكسمبورغ,352,LUX,لوكسمبورغ,أوروبا,2586,https://goo.gl/maps/L6b2AgndgHprt2Ko9,632275,https://flagcdn.com/lu.svg,https://mainfacts.com/media/images/coats_of_arms/lu.svg
مدغشقر,جمهورية مدغشقر,261,MDG,انتاناناريفو,أفريقيا,587041,https://goo.gl/maps/AHQh2ABBaFW6Ngj26,27691019,https://flagcdn.com/mg.svg,https://mainfacts.com/media/images/coats_of_arms/mg.svg
ملاوي,جمهورية ملاوي,265,MWI,ليلونجوي,أفريقيا,118484,https://goo.gl/maps/mc6z83pW9m98X2Ef6,19129955,https://flagcdn.com/mw.svg,https://mainfacts.com/media/images/coats_of_arms/mw.svg
ماليزيا,ماليزيا,60,MYS,كوالا لمبور,آسيا,330803,https://goo.gl/maps/qrY1PNeUXGyXDcPy6,32365998,https://flagcdn.com/my.svg,https://mainfacts.com/media/images/coats_of_arms/my.svg
جزر المالديف,جمهورية المالديف,960,MDV,ذكر,آسيا,300,https://goo.gl/maps/MNAWGq9vEdbZ9vUV7,540542,https://flagcdn.com/mv.svg,https://mainfacts.com/media/images/coats_of_arms/mv.svg
مالي,جمهورية مالي,223,MLI,باماكو,أفريقيا,1240192,https://goo.gl/maps/u9mYJkCB19wyuzh27,20250834,https://flagcdn.com/ml.svg,https://mainfacts.com/media/images/coats_of_arms/ml.svg
مالطا,جمهورية مالطا,356,MLT,فاليتا,أوروبا,316,https://goo.gl/maps/skXCqguxDxxEKVk47,525285,https://flagcdn.com/mt.svg,https://mainfacts.com/media/images/coats_of_arms/mt.svg
جزر مارشال,جمهورية جزر مارشال,692,MHL,ماجورو,أوقيانوسيا,181,https://goo.gl/maps/A4xLi1XvcX88gi3W8,59194,https://flagcdn.com/mh.svg,https://mainfacts.com/media/images/coats_of_arms/mh.svg
مارتينيك,مارتينيك,596,MTQ,فورت دو فرانس,الأمريكتين,1128,https://goo.gl/maps/87ER7sDAFU7JjcvR6,378243,https://flagcdn.com/mq.svg,https://mainfacts.com/media/images/coats_of_arms/mq.svg
موريتانيا,جمهورية موريتانيا الإسلامية,222,MRT,نواكشوط,أفريقيا,1030700,https://goo.gl/maps/im2MmQ5jFjzxWBks5,4649660,https://flagcdn.com/mr.svg,https://mainfacts.com/media/images/coats_of_arms/mr.svg
موريشيوس,جمهورية موريشيوس,230,MUS,بورت لويس,أفريقيا,2040,https://goo.gl/maps/PpKtZ4W3tir5iGrz7,1265740,https://flagcdn.com/mu.svg,https://mainfacts.com/media/images/coats_of_arms/mu.svg
مايوت,قسم مايوتي,262,MYT,مامودزو,أفريقيا,374,https://goo.gl/maps/1e7MXmfBwQv3TQGF7,226915,https://flagcdn.com/yt.svg,
المكسيك,الولايات المتحدة الأمريكية الولايات المتحدة,52,MEX,مدينة مكسيكو,الأمريكتين,1964375,https://goo.gl/maps/s5g7imNPMDEePxzbA,128932753,https://flagcdn.com/mx.svg,https://mainfacts.com/media/images/coats_of_arms/mx.svg
ميكرونيزيا,ولايات ميكرونيزيا الموحدة,691,FSM,Palikir,أوقيانوسيا,702,https://goo.gl/maps/LLcnofC5LxZsJXTo8,115021,https://flagcdn.com/fm.svg,https://mainfacts.com/media/images/coats_of_arms/fm.svg
مولدوفا,جمهورية مولدوفا,373,MDA,كيشيناو,أوروبا,33846,https://goo.gl/maps/JjmyUuULujnDeFPf7,2617820,https://flagcdn.com/md.svg,https://mainfacts.com/media/images/coats_of_arms/md.svg
موناكو,إمارة موناكو,377,MCO,موناكو,أوروبا,2.02,https://goo.gl/maps/DGpndDot28bYdXYn7,39244,https://flagcdn.com/mc.svg,https://mainfacts.com/media/images/coats_of_arms/mc.svg
منغوليا,منغوليا,976,MNG,أولان باتور,آسيا,1564110,https://goo.gl/maps/A1X7bMCKThBDNjzH6,3278292,https://flagcdn.com/mn.svg,https://mainfacts.com/media/images/coats_of_arms/mn.svg
الجبل الأسود,الجبل الأسود,382,MNE,podgorica.,أوروبا,13812,https://goo.gl/maps/4THX1fM7WqANuPbB8,621718,https://flagcdn.com/me.svg,https://mainfacts.com/media/images/coats_of_arms/me.svg
مونتسيرات,مونتسيرات,1-664,MSR,بليموث,الأمريكتين,102,https://goo.gl/maps/CSbe7UmxPmiwQB7GA,4922,https://flagcdn.com/ms.svg,https://mainfacts.com/media/images/coats_of_arms/ms.svg
المغرب,مملكة المغرب,212,MAR,الرباط,أفريقيا,446550,https://goo.gl/maps/6oMv3dyBZg3iaXQ5A,36910558,https://flagcdn.com/ma.svg,https://mainfacts.com/media/images/coats_of_arms/ma.svg
موزمبيق,جمهورية موزامبيق,258,MOZ,مابوتو,أفريقيا,801590,https://goo.gl/maps/xCLcY9fzU6x4Pueu5,31255435,https://flagcdn.com/mz.svg,https://mainfacts.com/media/images/coats_of_arms/mz.svg
ميانمار,جمهورية اتحاد ميانمار,95,MMR,naypyidaw.,آسيا,676578,https://goo.gl/maps/4jrZyJkDERUfHyp26,54409794,https://flagcdn.com/mm.svg,https://mainfacts.com/media/images/coats_of_arms/mm.svg
ناميبيا,جمهورية ناميبيا,264,NAM,ويندهوك,أفريقيا,825615,https://goo.gl/maps/oR1i8BFEYX3EY83WA,2540916,https://flagcdn.com/na.svg,https://mainfacts.com/media/images/coats_of_arms/na.svg
ناورو,جمهورية ناورو,674,NRU,يارين,أوقيانوسيا,21,https://goo.gl/maps/kyAGw6XEJgjSMsTK7,10834,https://flagcdn.com/nr.svg,https://mainfacts.com/media/images/coats_of_arms/nr.svg
نيبال,جمهورية نيبال الديمقراطية الفيدرالية,977,NPL,كاتماندو,آسيا,147181,https://goo.gl/maps/UMj2zpbQp7B5c3yT7,29136808,https://flagcdn.com/np.svg,https://mainfacts.com/media/images/coats_of_arms/np.svg
هولندا,مملكة هولندا,31,NLD,أمستردام,أوروبا,41850,https://goo.gl/maps/Hv6zQswGhFxoVVBm6,16655799,https://flagcdn.com/nl.svg,https://mainfacts.com/media/images/coats_of_arms/nl.svg
كاليدونيا الجديدة,كاليدونيا الجديدة,687,NCL,نوميا,أوقيانوسيا,18575,https://goo.gl/maps/cBhtCeMdob4U7FRU9,271960,https://flagcdn.com/nc.svg,https://mainfacts.com/media/images/coats_of_arms/nc.svg
نيوزيلندا,نيوزيلندا,64,NZL,ولينغتون,أوقيانوسيا,270467,https://goo.gl/maps/xXiDQo65dwdpw9iu8,5084300,https://flagcdn.com/nz.svg,https://mainfacts.com/media/images/coats_of_arms/nz.svg
نيكاراغوا,جمهورية نيكاراغوا,505,NIC,ماناغوا,الأمريكتين,130373,https://goo.gl/maps/P77LaEVkKJKXneRC6,6624554,https://flagcdn.com/ni.svg,https://mainfacts.com/media/images/coats_of_arms/ni.svg
النيجر,جمهورية النيجر,227,NER,نيامي,أفريقيا,1267000,https://goo.gl/maps/VKNU2TLsZcgxM49c8,24206636,https://flagcdn.com/ne.svg,https://mainfacts.com/media/images/coats_of_arms/ne.svg
نيجيريا,جمهورية نيجيريا الاتحادية,234,NGA,أبوجا,أفريقيا,923768,https://goo.gl/maps/LTn417qWwBPFszuV9,206139587,https://flagcdn.com/ng.svg,https://mainfacts.com/media/images/coats_of_arms/ng.svg
NIUE,NIUE,683,NIU,alofi,أوقيانوسيا,260,https://goo.gl/maps/xFgdzs3E55Rk1y8P9,1470,https://flagcdn.com/nu.svg,
جزيرة نورفولك,إقليم جزيرة نورفولك,672,NFK,كينغستون,أوقيانوسيا,36,https://goo.gl/maps/pbvtm6XYd1iZbjky5,2302,https://flagcdn.com/nf.svg,
كوريا الشمالية,جمهورية كوريا الديمقراطية االشعبية,850,PRK,بيونج يانج,آسيا,120538,https://goo.gl/maps/9q5T2DMeH5JL7Tky6,25778815,https://flagcdn.com/kp.svg,https://mainfacts.com/media/images/coats_of_arms/kp.svg
مقدونيا الشمالية,جمهورية مقدونيا الشمالية,389,MKD,skopje.,أوروبا,25713,https://goo.gl/maps/55Q8MEnF6ACdu3q79,2077132,https://flagcdn.com/mk.svg,https://mainfacts.com/media/images/coats_of_arms/mk.svg
جزر مريانا الشمالية,كومنولث جزر ماريانا الشمالية,1-670,MNP,سايبان,أوقيانوسيا,464,https://goo.gl/maps/cpZ67knoRAcfu1417,57557,https://flagcdn.com/mp.svg,
النرويج,مملكة النرويج,47,NOR,أوسلو,أوروبا,323802,https://goo.gl/maps/htWRrphA7vNgQNdSA,5379475,https://flagcdn.com/no.svg,https://mainfacts.com/media/images/coats_of_arms/no.svg
سلطنة عمان,سلطنة عمان,968,OMN,مسقط,آسيا,309500,https://goo.gl/maps/L2BoXoAwDDwWecnw5,5106622,https://flagcdn.com/om.svg,https://mainfacts.com/media/images/coats_of_arms/om.svg
باكستان,جمهورية باكستان الإسلامية,92,PAK,اسلام آباد,آسيا,881912,https://goo.gl/maps/5LYujdfR5yLUXoERA,220892331,https://flagcdn.com/pk.svg,https://mainfacts.com/media/images/coats_of_arms/pk.svg
بالاو,جمهورية بالاو,680,PLW,ngerulmud.,أوقيانوسيا,459,https://goo.gl/maps/MVasQBbUkQP7qQDR9,18092,https://flagcdn.com/pw.svg,https://mainfacts.com/media/images/coats_of_arms/pw.svg
فلسطين,دولة فلسطين,970,PSE,رام الله,آسيا,6220,https://goo.gl/maps/QvTbkRdmdWEoYAmt5,4803269,https://flagcdn.com/ps.svg,https://mainfacts.com/media/images/coats_of_arms/ps.svg
بنما,جمهورية بنما,507,PAN,مدينة باناما,الأمريكتين,75417,https://goo.gl/maps/sEN7sKqeawa5oPNLA,4314768,https://flagcdn.com/pa.svg,https://mainfacts.com/media/images/coats_of_arms/pa.svg
بابوا غينيا الجديدة,حالة مستقلة من بابوا غينيا الجديدة,675,PNG,مرفئ مويسبي,أوقيانوسيا,462840,https://goo.gl/maps/ChGmzZBjZ3vnBwR2A,8947027,https://flagcdn.com/pg.svg,https://mainfacts.com/media/images/coats_of_arms/pg.svg
باراجواي,جمهورية باراجواي,595,PRY,asunción.,الأمريكتين,406752,https://goo.gl/maps/JtnqG73WJn1Gx6mz6,7132530,https://flagcdn.com/py.svg,https://mainfacts.com/media/images/coats_of_arms/py.svg
بيرو,جمهورية بيرو,51,PER,ليما,الأمريكتين,1285216,https://goo.gl/maps/uDWEUaXNcZTng1fP6,32971846,https://flagcdn.com/pe.svg,https://mainfacts.com/media/images/coats_of_arms/pe.svg
فيلبيني,جمهورية الفلبين,63,PHL,مانيلا,آسيا,342353,https://goo.gl/maps/k8T2fb5VMUfsWFX6A,109581085,https://flagcdn.com/ph.svg,https://mainfacts.com/media/images/coats_of_arms/ph.svg
جزر بيتكيرن,مجموعة بيتكيرن الجزر,64,PCN,Adamstown.,أوقيانوسيا,47,https://goo.gl/maps/XGJMnMAigXjXcxSa7,56,https://flagcdn.com/pn.svg,
بولندا,جمهورية بولندا,48,POL,وارسو,أوروبا,312679,https://goo.gl/maps/gY9Xw4Sf4415P4949,37950802,https://flagcdn.com/pl.svg,https://mainfacts.com/media/images/coats_of_arms/pl.svg
البرتغال,جمهورية برتغالية,351,PRT,لشبونة,أوروبا,92090,https://goo.gl/maps/BaTBSyc4GWMmbAKB8,10305564,https://flagcdn.com/pt.svg,https://mainfacts.com/media/images/coats_of_arms/pt.svg
بويرتو ريكو,كومنولث بويرتو ريكو,"1-787, 1-939",PRI,سان خوان,الأمريكتين,8870,https://goo.gl/maps/sygfDbtwn389wu8x5,3194034,https://flagcdn.com/pr.svg,
دولة قطر,دولة قطر,974,QAT,الدوحة,آسيا,11586,https://goo.gl/maps/ZV76Y49z7LLUZ2KQ6,2881060,https://flagcdn.com/qa.svg,https://mainfacts.com/media/images/coats_of_arms/qa.svg
r�union.,جزيرة ريونيون,262,REU,القديس دينيس,أفريقيا,2511,https://goo.gl/maps/wWpBrXsp8UHVbah29,840974,https://flagcdn.com/re.svg,
جمهورية الكونغو,جمهورية الكونغو,242,COG,برازافيل,أفريقيا,342000,https://goo.gl/maps/Phf5dDDKdfCtuBTb6,89561404,https://flagcdn.com/cg.svg,
رومانيا,رومانيا,40,ROU,بوخارست,أوروبا,238391,https://goo.gl/maps/845hAgCf1mDkN3vr7,19286123,https://flagcdn.com/ro.svg,https://mainfacts.com/media/images/coats_of_arms/ro.svg
روسيا,الاتحاد الروسي,7,RUS,موسكو,أوروبا,17098242,https://goo.gl/maps/4F4PpDhGJgVvLby57,144104080,https://flagcdn.com/ru.svg,https://mainfacts.com/media/images/coats_of_arms/ru.svg
رواندا,جمهورية رواندا,250,RWA,كيغالي,أفريقيا,26338,https://goo.gl/maps/j5xb5r7CLqjYbyP86,12952209,https://flagcdn.com/rw.svg,https://mainfacts.com/media/images/coats_of_arms/rw.svg
S�o Tom� و Pr�ncipe,جمهورية ساو ديمقراطية وبرينكيبي,239,STP,ساو توم,أفريقيا,964,https://goo.gl/maps/9EUppm13RtPX9oF46,219161,https://flagcdn.com/st.svg,https://mainfacts.com/media/images/coats_of_arms/st.svg
سانت بارتيليمي,جمعية القديس بارثيليمي,590,BLM,غوستافيا,الأمريكتين,21,https://goo.gl/maps/Mc7GqH466S7AAk297,4255,https://flagcdn.com/bl.svg,
سانت هيلانة، الصعود و ترابيسان دا كونا,سانت هيلانة، الصعود و ترابيسان دا كونا,290,SHN,جيمستاون,أفريقيا,394,https://goo.gl/maps/iv4VxnPzHkjLCJuc6,53192,https://flagcdn.com/sh.svg,
سانت كيتس ونيفيس,اتحاد القديس كريستوفر ونيفيس,1-869,KNA,باسيتر,الأمريكتين,261,https://goo.gl/maps/qiaVwcLVTXX3eoTNA,53192,https://flagcdn.com/kn.svg,https://mainfacts.com/media/images/coats_of_arms/kn.svg
القديسة لوسيا,القديسة لوسيا,1-758,LCA,كاستريس,الأمريكتين,616,https://goo.gl/maps/4HhJ2jkPdSL9BPRcA,183629,https://flagcdn.com/lc.svg,https://mainfacts.com/media/images/coats_of_arms/lc.svg
القديس مارتن,القديس مارتن,590,MAF,ماريجوت,الأمريكتين,53,https://goo.gl/maps/P9ho9QuJ9EAR28JEA,38659,https://flagcdn.com/mf.svg,
سانت بيير وميكلون,سانت بيير وميكلون,508,SPM,سان بيير,الأمريكتين,242,https://goo.gl/maps/bUM8Yc8pA8ghyhmt6,6069,https://flagcdn.com/pm.svg,
سانت فنسنت وجزر غرينادين,سانت فنسنت وجزر غرينادين,1-784,VCT,Kingstown.,الأمريكتين,389,https://goo.gl/maps/wMbnMqjG37FMnrwf7,110947,https://flagcdn.com/vc.svg,https://mainfacts.com/media/images/coats_of_arms/vc.svg
ساموا,حالة ساموا مستقلة,685,WSM,apia.,أوقيانوسيا,2842,https://goo.gl/maps/CFC9fEFP9cfkYUBF9,198410,https://flagcdn.com/ws.svg,https://mainfacts.com/media/images/coats_of_arms/ws.svg
سان مارينو,جمهورية سان مارينو,378,SMR,مدينة سان مارينو,أوروبا,61,https://goo.gl/maps/rxCVJjm8dVY93RPY8,33938,https://flagcdn.com/sm.svg,https://mainfacts.com/media/images/coats_of_arms/sm.svg
السنغال,جمهورية السنغال,221,SEN,داكار,أفريقيا,196722,https://goo.gl/maps/o5f1uD5nyihCL3HCA,16743930,https://flagcdn.com/sn.svg,https://mainfacts.com/media/images/coats_of_arms/sn.svg
صربيا,جمهورية صربيا,381,SRB,بلغراد,أوروبا,88361,https://goo.gl/maps/2Aqof7aV2Naq8YEK8,6908224,https://flagcdn.com/rs.svg,https://mainfacts.com/media/images/coats_of_arms/rs.svg
سيشيل,جمهورية سيشيل,248,SYC,فيكتوريا,أفريقيا,452,https://goo.gl/maps/aqCcy2TKh5TV5MAX8,98462,https://flagcdn.com/sc.svg,https://mainfacts.com/media/images/coats_of_arms/sc.svg
سيرا ليون,جمهورية سيراليون,232,SLE,فريتاون,أفريقيا,71740,https://goo.gl/maps/jhacar85oq9QaeKB7,7976985,https://flagcdn.com/sl.svg,https://mainfacts.com/media/images/coats_of_arms/sl.svg
سنغافورة,جمهورية سنغافورة,65,SGP,سنغافورة,آسيا,710,https://goo.gl/maps/QbQt9Y9b5KFzsahV6,5685807,https://flagcdn.com/sg.svg,https://mainfacts.com/media/images/coats_of_arms/sg.svg
سينت مارتن,سينت مارتن,1-721,SXM,فيليبسبرغ,الأمريكتين,34,https://goo.gl/maps/DjvcESy1a1oGEZuNA,40812,https://flagcdn.com/sx.svg,
سلوفاكيا,جمهورية سلوفاكيا,421,SVK,براتيسلافا,أوروبا,49037,https://goo.gl/maps/uNSH2wW4bLoZVYJj7,5458827,https://flagcdn.com/sk.svg,https://mainfacts.com/media/images/coats_of_arms/sk.svg
سلوفينيا,جمهورية سلوفينيا,386,SVN,ليوبليانا,أوروبا,20273,https://goo.gl/maps/7zgFmswcCJh5L5D49,2100126,https://flagcdn.com/si.svg,https://mainfacts.com/media/images/coats_of_arms/si.svg
جزر سليمان,جزر سليمان,677,SLB,هونيارا.,أوقيانوسيا,28896,https://goo.gl/maps/JbPkx86Ywjv8C1n8A,686878,https://flagcdn.com/sb.svg,https://mainfacts.com/media/images/coats_of_arms/sb.svg
الصومال,جمهورية الصومال الاتحادية,252,SOM,مقديشو,أفريقيا,637657,https://goo.gl/maps/8of8q7D1a8p7R6Fc9,15893219,https://flagcdn.com/so.svg,https://mainfacts.com/media/images/coats_of_arms/so.svg
جنوب أفريقيا,جمهورية جنوب أفريقيا,27,ZAF,بريتوريا,أفريقيا,1221037,https://goo.gl/maps/CLCZ1R8Uz1KpYhRv6,59308690,https://flagcdn.com/za.svg,https://mainfacts.com/media/images/coats_of_arms/za.svg
كوريا الجنوبية,جمهورية كوريا,82,KOR,سول,آسيا,100210,https://goo.gl/maps/7ecjaJXefjAQhxjGA,51780579,https://flagcdn.com/kr.svg,https://mainfacts.com/media/images/coats_of_arms/kr.svg
جنوب السودان,جمهورية جنوب السودان,211,SSD,جوبا,أفريقيا,619745,https://goo.gl/maps/Zm1AYCXb9HSNF1P27,11193729,https://flagcdn.com/ss.svg,https://mainfacts.com/media/images/coats_of_arms/ss.svg
إسبانيا,مملكة اسبانيا,34,ESP,مدريد,أوروبا,505992,https://goo.gl/maps/138JaXW8EZzRVitY9,47351567,https://flagcdn.com/es.svg,https://mainfacts.com/media/images/coats_of_arms/es.svg
سيريلانكا,جمهورية سريلانكية الاشتراكية الديمقراطية,94,LKA,سري جايواردنبورا كوت,آسيا,65610,https://goo.gl/maps/VkPHoeFSfgzRQCDv8,21919000,https://flagcdn.com/lk.svg,https://mainfacts.com/media/images/coats_of_arms/lk.svg
السودان,جمهورية السودان,249,SDN,الخرطوم,أفريقيا,1886068,https://goo.gl/maps/bNW7YUJCaqR8zcXn7,43849269,https://flagcdn.com/sd.svg,https://mainfacts.com/media/images/coats_of_arms/sd.svg
سورينام,جمهورية سورينام,597,SUR,paramaribo.,الأمريكتين,163820,https://goo.gl/maps/iy7TuQLSi4qgoBoG7,586634,https://flagcdn.com/sr.svg,https://mainfacts.com/media/images/coats_of_arms/sr.svg
سفالبارد وجان ماين,Svalbard Og Jan Mayen,47,SJM,longyearbyen,أوروبا,-1,https://goo.gl/maps/L2wyyn3cQ16PzQ5J8,2562,https://flagcdn.com/sj.svg,
السويد,مملكة السويد,46,SWE,ستوكهولم,أوروبا,450295,https://goo.gl/maps/iqygE491ADVgnBW39,10353442,https://flagcdn.com/se.svg,https://mainfacts.com/media/images/coats_of_arms/se.svg
سويسرا,الاتحاد السويسري,41,CHE,برن,أوروبا,41284,https://goo.gl/maps/uVuZcXaxSx5jLyEC9,17500657,https://flagcdn.com/ch.svg,https://mainfacts.com/media/images/coats_of_arms/ch.svg
سوريا,الجمهورية العربية السورية,963,SYR,دمشق,آسيا,185180,https://goo.gl/maps/Xe3VnFbwdb4nv2SM9,17500657,https://flagcdn.com/sy.svg,https://mainfacts.com/media/images/coats_of_arms/sy.svg
تايوان,جمهورية الصين (تايوان),886,TWN,تايبيه,آسيا,36193,https://goo.gl/maps/HgMKFQjNadF3Wa6B6,23503349,https://flagcdn.com/tw.svg,https://mainfacts.com/media/images/coats_of_arms/tw.svg
طاجيكستان,جمهورية طاجيكستان,992,TJK,دشانبي,آسيا,143100,https://goo.gl/maps/8rQgW88jEXijhVb58,9537642,https://flagcdn.com/tj.svg,https://mainfacts.com/media/images/coats_of_arms/tj.svg
تنزانيا,جمهورية تنزانيا المتحدة,255,TZA,دودوما,أفريقيا,945087,https://goo.gl/maps/NWYMqZYXte4zGZ2Q8,59734213,https://flagcdn.com/tz.svg,https://mainfacts.com/media/images/coats_of_arms/tz.svg
تايلاند,مملكة تايلاند,66,THA,بانكوك,آسيا,513120,https://goo.gl/maps/qeU6uqsfW4nCCwzw9,69799978,https://flagcdn.com/th.svg,https://mainfacts.com/media/images/coats_of_arms/th.svg
تيمور - ليشتي,جمهورية تيمور الديمقراطية - ليشتي,670,TLS,بديل,آسيا,14874,https://goo.gl/maps/sFqBC9zjgUXPR1iTA,1318442,https://flagcdn.com/tl.svg,
توجو,جمهورية توغولا,228,TGO,لومي,أفريقيا,56785,https://goo.gl/maps/jzAa9feXuXPrKVb89,8278737,https://flagcdn.com/tg.svg,https://mainfacts.com/media/images/coats_of_arms/tg.svg
Tokelau.,Tokelau.,690,TKL,fakaofo.,أوقيانوسيا,12,https://goo.gl/maps/Ap5qN8qien6pT9UN6,1411,https://flagcdn.com/tk.svg,
تونغا,مملكة تونغا,676,TON,nuku'alofa.,أوقيانوسيا,747,https://goo.gl/maps/p5YALBY2QdEzswRo7,105697,https://flagcdn.com/to.svg,https://mainfacts.com/media/images/coats_of_arms/to.svg
ترينداد وتوباغو,جمهورية ترينيداد وتوباغو,1-868,TTO,ميناء اسبانيا,الأمريكتين,5130,https://goo.gl/maps/NrRfDEWoG8FGZqWY7,1399491,https://flagcdn.com/tt.svg,https://mainfacts.com/media/images/coats_of_arms/tt.svg
تونس,الجمهورية التونسية,216,TUN,تونس,أفريقيا,163610,https://goo.gl/maps/KgUmpZdUuNRaougs8,11818618,https://flagcdn.com/tn.svg,https://mainfacts.com/media/images/coats_of_arms/tn.svg
تركيا,جمهورية تركيا,90,TUR,أنقرة,آسيا,783562,https://goo.gl/maps/dXFFraiUDfcB6Quk6,84339067,https://flagcdn.com/tr.svg,https://mainfacts.com/media/images/coats_of_arms/tr.svg
تركمانستان,تركمانستان,993,TKM,أشج أبات,آسيا,488100,https://goo.gl/maps/cgfUcaQHSWKuqeKk9,6031187,https://flagcdn.com/tm.svg,https://mainfacts.com/media/images/coats_of_arms/tm.svg
جزر تركس وكايكوس,جزر تركس وكايكوس,1-649,TCA,بلدة كوكبورن,الأمريكتين,948,https://goo.gl/maps/R8VUDQfwZiFtvmyn8,38718,https://flagcdn.com/tc.svg,
توفالو,توفالو,688,TUV,funafuti.,أوقيانوسيا,26,https://goo.gl/maps/LbuUxtkgm1dfN1Pn6,11792,https://flagcdn.com/tv.svg,https://mainfacts.com/media/images/coats_of_arms/tv.svg
أوغندا,جمهورية أوغندا,256,UGA,كمبالا,أفريقيا,241550,https://goo.gl/maps/Y7812hFiGa8LD9N68,45741000,https://flagcdn.com/ug.svg,https://mainfacts.com/media/images/coats_of_arms/ug.svg
أوكرانيا,أوكرانيا,380,UKR,كييف,أوروبا,603500,https://goo.gl/maps/DvgJMiPJ7aozKFZv7,44134693,https://flagcdn.com/ua.svg,https://mainfacts.com/media/images/coats_of_arms/ua.svg
الإمارات العربية المتحدة,الإمارات العربية المتحدة,971,ARE,أبوظبي,آسيا,83600,https://goo.gl/maps/AZZTDA6GzVAnKMVd8,9890400,https://flagcdn.com/ae.svg,https://mainfacts.com/media/images/coats_of_arms/ae.svg
المملكة المتحدة,المملكة المتحدة لبريطانيا العظمى وأيرلندا الشمالية,44,GBR,لندن,أوروبا,242900,https://goo.gl/maps/FoDtc3UKMkFsXAjHA,67215293,https://flagcdn.com/gb.svg,https://mainfacts.com/media/images/coats_of_arms/gb.svg
الولايات المتحدة الأمريكية,الولايات المتحدة الأمريكية,1,USA,واشنطن العاصمة.,الأمريكتين,9372610,https://goo.gl/maps/e8M246zY4BSjkjAv6,329484123,https://flagcdn.com/us.svg,https://mainfacts.com/media/images/coats_of_arms/us.svg
جزر الولايات المتحدة البعيدة الصغرى,جزر الولايات المتحدة البعيدة الصغرى,246,UMI,#VALUE!,الأمريكتين,34.2,https://goo.gl/maps/hZKnrzgeK69dDyPF8,300,https://flagcdn.com/um.svg,
جزر فيرجن الأمريكية,جزر فيرجن للولايات المتحدة,1-340,VIR,شارلوت أمالي,الأمريكتين,347,https://goo.gl/maps/mBfreywj8dor6q4m9,106290,https://flagcdn.com/vi.svg,
أوروجواي,جمهورية أوروغواي الشرقية,598,URY,مونتيفيديو,الأمريكتين,181034,https://goo.gl/maps/tiQ9Baekb1jQtDSD9,3473727,https://flagcdn.com/uy.svg,https://mainfacts.com/media/images/coats_of_arms/uy.svg
أوزبكستان,جمهورية أوزبكستان,998,UZB,طشقند,آسيا,447400,https://goo.gl/maps/AJpo6MjMx23qSWCz8,34232050,https://flagcdn.com/uz.svg,https://mainfacts.com/media/images/coats_of_arms/uz.svg
فانواتو,جمهورية فانواتو,678,VUT,ميناء فيلا,أوقيانوسيا,12189,https://goo.gl/maps/hwAjehcT7VfvP5zJ8,307150,https://flagcdn.com/vu.svg,https://mainfacts.com/media/images/coats_of_arms/vu.svg
مدينة الفاتيكان,دولة مدينة الفاتيكان,379,VAT,مدينة الفاتيكان,أوروبا,0.44,https://goo.gl/maps/DTKvw5Bd1QZaDZmE8,451,https://flagcdn.com/va.svg,https://mainfacts.com/media/images/coats_of_arms/va.svg
فنزويلا,جمهورية فنزويلا البوليفارية,58,VEN,كراكاس,الأمريكتين,916445,https://goo.gl/maps/KLCwDN8sec7z2kse9,28435943,https://flagcdn.com/ve.svg,https://mainfacts.com/media/images/coats_of_arms/ve.svg
فيتنام,جمهورية فيتنام الاشتراكية,84,VNM,هانوي,آسيا,331212,https://goo.gl/maps/PCpVt9WzdJ9A9nEZ9,97338583,https://flagcdn.com/vn.svg,https://mainfacts.com/media/images/coats_of_arms/vn.svg
واليس وفوتونا,إقليم الجدران وجزر فوتونا,681,WLF,mata-utu.,أوقيانوسيا,142,https://goo.gl/maps/CzVqK74QYtbHv65r5,11750,https://flagcdn.com/wf.svg,
الصحراء الغربية,جمهورية الصحراوي العربية الديمقراطية,212,ESH,الاي آين,أفريقيا,266000,https://goo.gl/maps/7nU3mB69vP6zQp7A8,510713,https://flagcdn.com/eh.svg,
اليمن,جمهورية اليمن,967,YEM,صنعاء,آسيا,527968,https://goo.gl/maps/WCmE76HKcLideQQw7,29825968,https://flagcdn.com/ye.svg,https://mainfacts.com/media/images/coats_of_arms/ye.svg
زامبيا,جمهورية زامبيا,260,ZMB,لوساكا,أفريقيا,752612,https://goo.gl/maps/mweBcqvW8TppZW6q9,18383956,https://flagcdn.com/zm.svg,https://mainfacts.com/media/images/coats_of_arms/zm.svg
زيمبابوي,جمهورية زيمبابوي,263,ZWE,هراري,أفريقيا,390757,https://goo.gl/maps/M26BqdwQctqxXS65A,14862927,https://flagcdn.com/zw.svg,https://mainfacts.com/media/images/coats_of_arms/zw.svg